Domain,Problem,Experiment Name,Total Landmarks,Individual LMs,Disjunctions,Overall,Unary Methods,Unary Action,Overall Action,Overall Method
AssemblyHierarchical,genericLinearProblem_depth17.hddl,lmc,67,4,63,787,2,2,384,403
AssemblyHierarchical,genericLinearProblem_depth17.hddl,lmc-BD,71,4,67,792,2,2,388,404
AssemblyHierarchical,genericLinearProblem_depth17.hddl,lmc-GZD,65,4,61,495,2,2,256,239
AssemblyHierarchical,genericLinearProblem_depth17.hddl,lmc-BDpGZD,71,4,67,505,2,2,268,237
AssemblyHierarchical,genericLinearProblem_depth17.hddl,lmc-VDM,71,4,67,792,2,2,388,404
AssemblyHierarchical,genericLinearProblem_depth03.hddl,lmc,14,4,10,117,2,2,50,67
AssemblyHierarchical,genericLinearProblem_depth03.hddl,lmc-BD,15,4,11,120,2,2,52,68
AssemblyHierarchical,genericLinearProblem_depth03.hddl,lmc-GZD,13,4,9,83,2,2,40,43
AssemblyHierarchical,genericLinearProblem_depth03.hddl,lmc-BDpGZD,15,4,11,85,2,2,44,41
AssemblyHierarchical,genericLinearProblem_depth03.hddl,lmc-VDM,15,4,11,120,2,2,52,68
AssemblyHierarchical,genericLinearProblem_depth07.hddl,lmc,29,4,25,304,2,2,141,163
AssemblyHierarchical,genericLinearProblem_depth07.hddl,lmc-BD,31,4,27,313,2,2,149,164
AssemblyHierarchical,genericLinearProblem_depth07.hddl,lmc-GZD,29,4,25,204,2,2,104,100
AssemblyHierarchical,genericLinearProblem_depth07.hddl,lmc-BDpGZD,31,4,27,205,2,2,108,97
AssemblyHierarchical,genericLinearProblem_depth07.hddl,lmc-VDM,31,4,27,313,2,2,149,164
AssemblyHierarchical,genericLinearProblem_depth30.hddl,lmc,119,4,115,1410,2,2,694,716
AssemblyHierarchical,genericLinearProblem_depth30.hddl,lmc-BD,123,4,119,1416,2,2,700,716
AssemblyHierarchical,genericLinearProblem_depth30.hddl,lmc-GZD,116,4,112,885,2,2,462,423
AssemblyHierarchical,genericLinearProblem_depth30.hddl,lmc-BDpGZD,123,4,119,895,2,2,476,419
AssemblyHierarchical,genericLinearProblem_depth30.hddl,lmc-VDM,123,4,119,1416,2,2,700,716
AssemblyHierarchical,genericLinearProblem_depth19.hddl,lmc,73,4,69,874,2,2,424,450
AssemblyHierarchical,genericLinearProblem_depth19.hddl,lmc-BD,79,4,75,888,2,2,436,452
AssemblyHierarchical,genericLinearProblem_depth19.hddl,lmc-GZD,77,4,73,561,2,2,296,265
AssemblyHierarchical,genericLinearProblem_depth19.hddl,lmc-BDpGZD,79,4,75,565,2,2,300,265
AssemblyHierarchical,genericLinearProblem_depth19.hddl,lmc-VDM,79,4,75,888,2,2,436,452
AssemblyHierarchical,genericLinearProblem_depth09.hddl,lmc,37,4,33,404,2,2,192,212
AssemblyHierarchical,genericLinearProblem_depth09.hddl,lmc-BD,39,4,35,408,2,2,196,212
AssemblyHierarchical,genericLinearProblem_depth09.hddl,lmc-GZD,36,4,32,260,2,2,134,126
AssemblyHierarchical,genericLinearProblem_depth09.hddl,lmc-BDpGZD,39,4,35,265,2,2,140,125
AssemblyHierarchical,genericLinearProblem_depth09.hddl,lmc-VDM,39,4,35,408,2,2,196,212
AssemblyHierarchical,genericLinearProblem_depth02.hddl,lmc,10,4,6,56,2,2,28,28
AssemblyHierarchical,genericLinearProblem_depth02.hddl,lmc-BD,11,4,7,73,2,2,29,44
AssemblyHierarchical,genericLinearProblem_depth02.hddl,lmc-GZD,10,4,6,38,2,2,12,26
AssemblyHierarchical,genericLinearProblem_depth02.hddl,lmc-BDpGZD,11,4,7,55,2,2,28,27
AssemblyHierarchical,genericLinearProblem_depth02.hddl,lmc-VDM,11,4,7,73,2,2,29,44
AssemblyHierarchical,genericLinearProblem_depth15.hddl,lmc,61,4,57,680,2,2,328,352
AssemblyHierarchical,genericLinearProblem_depth15.hddl,lmc-BD,63,4,59,696,2,2,340,356
AssemblyHierarchical,genericLinearProblem_depth15.hddl,lmc-GZD,61,4,57,441,2,2,232,209
AssemblyHierarchical,genericLinearProblem_depth15.hddl,lmc-BDpGZD,63,4,59,445,2,2,236,209
AssemblyHierarchical,genericLinearProblem_depth15.hddl,lmc-VDM,63,4,59,696,2,2,340,356
AssemblyHierarchical,genericLinearProblem_depth16.hddl,lmc,61,4,57,734,2,2,354,380
AssemblyHierarchical,genericLinearProblem_depth16.hddl,lmc-BD,67,4,63,744,2,2,364,380
AssemblyHierarchical,genericLinearProblem_depth16.hddl,lmc-GZD,65,4,61,474,2,2,248,226
AssemblyHierarchical,genericLinearProblem_depth16.hddl,lmc-BDpGZD,67,4,63,475,2,2,252,223
AssemblyHierarchical,genericLinearProblem_depth16.hddl,lmc-VDM,67,4,63,744,2,2,364,380
AssemblyHierarchical,genericLinearProblem_depth10.hddl,lmc,40,4,36,446,2,2,210,236
AssemblyHierarchical,genericLinearProblem_depth10.hddl,lmc-BD,43,4,39,456,2,2,220,236
AssemblyHierarchical,genericLinearProblem_depth10.hddl,lmc-GZD,40,4,36,292,2,2,151,141
AssemblyHierarchical,genericLinearProblem_depth10.hddl,lmc-BDpGZD,43,4,39,296,2,2,157,139
AssemblyHierarchical,genericLinearProblem_depth10.hddl,lmc-VDM,43,4,39,456,2,2,220,236
AssemblyHierarchical,genericLinearProblem_depth20.hddl,lmc,80,4,76,932,2,2,456,476
AssemblyHierarchical,genericLinearProblem_depth20.hddl,lmc-BD,83,4,79,936,2,2,460,476
AssemblyHierarchical,genericLinearProblem_depth20.hddl,lmc-GZD,75,4,71,585,2,2,302,283
AssemblyHierarchical,genericLinearProblem_depth20.hddl,lmc-BDpGZD,83,4,79,595,2,2,316,279
AssemblyHierarchical,genericLinearProblem_depth20.hddl,lmc-VDM,83,4,79,936,2,2,460,476
AssemblyHierarchical,genericLinearProblem_depth04.hddl,lmc,19,4,15,164,2,2,74,90
AssemblyHierarchical,genericLinearProblem_depth04.hddl,lmc-BD,19,4,15,168,2,2,76,92
AssemblyHierarchical,genericLinearProblem_depth04.hddl,lmc-GZD,18,4,14,116,2,2,58,58
AssemblyHierarchical,genericLinearProblem_depth04.hddl,lmc-BDpGZD,19,4,15,115,2,2,60,55
AssemblyHierarchical,genericLinearProblem_depth04.hddl,lmc-VDM,19,4,15,168,2,2,76,92
AssemblyHierarchical,genericLinearProblem_depth05.hddl,lmc,20,4,16,205,2,2,90,115
AssemblyHierarchical,genericLinearProblem_depth05.hddl,lmc-BD,23,4,19,216,2,2,100,116
AssemblyHierarchical,genericLinearProblem_depth05.hddl,lmc-GZD,21,4,17,140,2,2,71,69
AssemblyHierarchical,genericLinearProblem_depth05.hddl,lmc-BDpGZD,23,4,19,145,2,2,76,69
AssemblyHierarchical,genericLinearProblem_depth05.hddl,lmc-VDM,23,4,19,216,2,2,100,116
AssemblyHierarchical,genericLinearProblem_depth28.hddl,lmc,108,4,104,1312,2,2,644,668
AssemblyHierarchical,genericLinearProblem_depth28.hddl,lmc-BD,115,4,111,1320,2,2,652,668
AssemblyHierarchical,genericLinearProblem_depth28.hddl,lmc-GZD,111,4,107,830,2,2,436,394
AssemblyHierarchical,genericLinearProblem_depth28.hddl,lmc-BDpGZD,115,4,111,835,2,2,444,391
AssemblyHierarchical,genericLinearProblem_depth28.hddl,lmc-VDM,115,4,111,1320,2,2,652,668
AssemblyHierarchical,genericLinearProblem_depth22.hddl,lmc,82,4,78,1019,2,2,496,523
AssemblyHierarchical,genericLinearProblem_depth22.hddl,lmc-BD,91,4,87,1032,2,2,508,524
AssemblyHierarchical,genericLinearProblem_depth22.hddl,lmc-GZD,87,4,83,652,2,2,340,312
AssemblyHierarchical,genericLinearProblem_depth22.hddl,lmc-BDpGZD,91,4,87,655,2,2,348,307
AssemblyHierarchical,genericLinearProblem_depth22.hddl,lmc-VDM,91,4,87,1032,2,2,508,524
AssemblyHierarchical,genericLinearProblem_depth01.hddl,lmc,7,4,3,26,2,2,12,14
AssemblyHierarchical,genericLinearProblem_depth01.hddl,lmc-BD,7,4,3,34,2,2,12,22
AssemblyHierarchical,genericLinearProblem_depth01.hddl,lmc-GZD,7,4,3,18,2,2,6,12
AssemblyHierarchical,genericLinearProblem_depth01.hddl,lmc-BDpGZD,7,4,3,18,2,2,6,12
AssemblyHierarchical,genericLinearProblem_depth01.hddl,lmc-VDM,7,4,3,34,2,2,12,22
AssemblyHierarchical,genericLinearProblem_depth29.hddl,lmc,114,4,110,1360,2,2,668,692
AssemblyHierarchical,genericLinearProblem_depth29.hddl,lmc-BD,119,4,115,1368,2,2,676,692
AssemblyHierarchical,genericLinearProblem_depth29.hddl,lmc-GZD,111,4,107,854,2,2,444,410
AssemblyHierarchical,genericLinearProblem_depth29.hddl,lmc-BDpGZD,119,4,115,865,2,2,460,405
AssemblyHierarchical,genericLinearProblem_depth29.hddl,lmc-VDM,119,4,115,1368,2,2,676,692
AssemblyHierarchical,genericLinearProblem_depth08.hddl,lmc,32,4,28,346,2,2,160,186
AssemblyHierarchical,genericLinearProblem_depth08.hddl,lmc-BD,35,4,31,360,2,2,172,188
AssemblyHierarchical,genericLinearProblem_depth08.hddl,lmc-GZD,33,4,29,301,2,2,122,179
AssemblyHierarchical,genericLinearProblem_depth08.hddl,lmc-BDpGZD,35,4,31,299,2,2,124,175
AssemblyHierarchical,genericLinearProblem_depth08.hddl,lmc-VDM,35,4,31,360,2,2,172,188
AssemblyHierarchical,genericLinearProblem_depth24.hddl,lmc,93,4,89,1111,2,2,542,569
AssemblyHierarchical,genericLinearProblem_depth24.hddl,lmc-BD,99,4,95,1128,2,2,556,572
AssemblyHierarchical,genericLinearProblem_depth24.hddl,lmc-GZD,89,4,85,898,2,2,360,538
AssemblyHierarchical,genericLinearProblem_depth24.hddl,lmc-BDpGZD,99,4,95,907,2,2,380,527
AssemblyHierarchical,genericLinearProblem_depth24.hddl,lmc-VDM,99,4,95,1128,2,2,556,572
AssemblyHierarchical,genericLinearProblem_depth18.hddl,lmc,71,4,67,831,2,2,404,427
AssemblyHierarchical,genericLinearProblem_depth18.hddl,lmc-BD,75,4,71,840,2,2,412,428
AssemblyHierarchical,genericLinearProblem_depth18.hddl,lmc-GZD,70,4,66,527,2,2,274,253
AssemblyHierarchical,genericLinearProblem_depth18.hddl,lmc-BDpGZD,75,4,71,535,2,2,284,251
AssemblyHierarchical,genericLinearProblem_depth18.hddl,lmc-VDM,75,4,71,840,2,2,412,428
AssemblyHierarchical,genericLinearProblem_depth11.hddl,lmc,45,4,41,499,2,2,240,259
AssemblyHierarchical,genericLinearProblem_depth11.hddl,lmc-BD,47,4,43,504,2,2,244,260
AssemblyHierarchical,genericLinearProblem_depth11.hddl,lmc-GZD,44,4,40,319,2,2,166,153
AssemblyHierarchical,genericLinearProblem_depth11.hddl,lmc-BDpGZD,47,4,43,325,2,2,172,153
AssemblyHierarchical,genericLinearProblem_depth11.hddl,lmc-VDM,47,4,43,504,2,2,244,260
AssemblyHierarchical,genericLinearProblem_depth06.hddl,lmc,27,4,23,259,2,2,120,139
AssemblyHierarchical,genericLinearProblem_depth06.hddl,lmc-BD,27,4,23,264,2,2,124,140
AssemblyHierarchical,genericLinearProblem_depth06.hddl,lmc-GZD,27,4,23,223,2,2,92,131
AssemblyHierarchical,genericLinearProblem_depth06.hddl,lmc-BDpGZD,27,4,23,223,2,2,92,131
AssemblyHierarchical,genericLinearProblem_depth06.hddl,lmc-VDM,27,4,23,264,2,2,124,140
AssemblyHierarchical,genericLinearProblem_depth13.hddl,lmc,51,4,47,596,2,2,288,308
AssemblyHierarchical,genericLinearProblem_depth13.hddl,lmc-BD,55,4,51,600,2,2,292,308
AssemblyHierarchical,genericLinearProblem_depth13.hddl,lmc-GZD,50,4,46,376,2,2,194,182
AssemblyHierarchical,genericLinearProblem_depth13.hddl,lmc-BDpGZD,55,4,51,385,2,2,204,181
AssemblyHierarchical,genericLinearProblem_depth13.hddl,lmc-VDM,55,4,51,600,2,2,292,308
AssemblyHierarchical,genericLinearProblem_depth23.hddl,lmc,89,4,85,1070,2,2,522,548
AssemblyHierarchical,genericLinearProblem_depth23.hddl,lmc-BD,95,4,91,1080,2,2,532,548
AssemblyHierarchical,genericLinearProblem_depth23.hddl,lmc-GZD,88,4,84,682,2,2,350,332
AssemblyHierarchical,genericLinearProblem_depth23.hddl,lmc-BDpGZD,95,4,91,685,2,2,364,321
AssemblyHierarchical,genericLinearProblem_depth23.hddl,lmc-VDM,95,4,91,1080,2,2,532,548
AssemblyHierarchical,genericLinearProblem_depth25.hddl,lmc,96,4,92,1174,2,2,578,596
AssemblyHierarchical,genericLinearProblem_depth25.hddl,lmc-BD,103,4,99,1176,2,2,580,596
AssemblyHierarchical,genericLinearProblem_depth25.hddl,lmc-GZD,98,4,94,739,2,2,386,353
AssemblyHierarchical,genericLinearProblem_depth25.hddl,lmc-BDpGZD,103,4,99,745,2,2,396,349
AssemblyHierarchical,genericLinearProblem_depth25.hddl,lmc-VDM,103,4,99,1176,2,2,580,596
AssemblyHierarchical,genericLinearProblem_depth26.hddl,lmc,102,4,98,1219,2,2,600,619
AssemblyHierarchical,genericLinearProblem_depth26.hddl,lmc-BD,107,4,103,1224,2,2,604,620
AssemblyHierarchical,genericLinearProblem_depth26.hddl,lmc-GZD,100,4,96,765,2,2,398,367
AssemblyHierarchical,genericLinearProblem_depth26.hddl,lmc-BDpGZD,107,4,103,775,2,2,412,363
AssemblyHierarchical,genericLinearProblem_depth26.hddl,lmc-VDM,107,4,103,1224,2,2,604,620
AssemblyHierarchical,genericLinearProblem_depth12.hddl,lmc,49,4,45,550,2,2,266,284
AssemblyHierarchical,genericLinearProblem_depth12.hddl,lmc-BD,51,4,47,552,2,2,268,284
AssemblyHierarchical,genericLinearProblem_depth12.hddl,lmc-GZD,47,4,43,449,2,2,182,267
AssemblyHierarchical,genericLinearProblem_depth12.hddl,lmc-BDpGZD,51,4,47,451,2,2,188,263
AssemblyHierarchical,genericLinearProblem_depth12.hddl,lmc-VDM,51,4,47,552,2,2,268,284
AssemblyHierarchical,genericLinearProblem_depth14.hddl,lmc,57,4,53,648,2,2,316,332
AssemblyHierarchical,genericLinearProblem_depth14.hddl,lmc-BD,59,4,55,648,2,2,316,332
AssemblyHierarchical,genericLinearProblem_depth14.hddl,lmc-GZD,56,4,52,412,2,2,214,198
AssemblyHierarchical,genericLinearProblem_depth14.hddl,lmc-BDpGZD,59,4,55,415,2,2,220,195
AssemblyHierarchical,genericLinearProblem_depth14.hddl,lmc-VDM,59,4,55,648,2,2,316,332
AssemblyHierarchical,genericLinearProblem_depth27.hddl,lmc,108,4,104,1269,2,2,626,643
AssemblyHierarchical,genericLinearProblem_depth27.hddl,lmc-BD,111,4,107,1272,2,2,628,644
AssemblyHierarchical,genericLinearProblem_depth27.hddl,lmc-GZD,104,4,100,794,2,2,414,380
AssemblyHierarchical,genericLinearProblem_depth27.hddl,lmc-BDpGZD,111,4,107,805,2,2,428,377
AssemblyHierarchical,genericLinearProblem_depth27.hddl,lmc-VDM,111,4,107,1272,2,2,628,644
AssemblyHierarchical,genericLinearProblem_depth21.hddl,lmc,81,4,77,971,2,2,472,499
AssemblyHierarchical,genericLinearProblem_depth21.hddl,lmc-BD,87,4,83,984,2,2,484,500
AssemblyHierarchical,genericLinearProblem_depth21.hddl,lmc-GZD,83,4,79,620,2,2,324,296
AssemblyHierarchical,genericLinearProblem_depth21.hddl,lmc-BDpGZD,87,4,83,625,2,2,332,293
AssemblyHierarchical,genericLinearProblem_depth21.hddl,lmc-VDM,87,4,83,984,2,2,484,500
Barman-BDI,pfile11.hddl,lmc,22,1,21,306,1,0,266,40
Barman-BDI,pfile11.hddl,lmc-BD,23,1,22,307,1,0,266,41
Barman-BDI,pfile11.hddl,lmc-GZD,23,1,22,313,1,0,276,37
Barman-BDI,pfile11.hddl,lmc-BDpGZD,23,1,22,313,1,0,276,37
Barman-BDI,pfile11.hddl,lmc-VDM,23,1,22,307,1,0,266,41
Barman-BDI,pfile05.hddl,lmc,13,1,12,168,1,0,143,25
Barman-BDI,pfile05.hddl,lmc-BD,17,1,16,182,1,0,144,38
Barman-BDI,pfile05.hddl,lmc-GZD,13,1,12,171,1,0,146,25
Barman-BDI,pfile05.hddl,lmc-BDpGZD,16,1,15,186,1,0,144,42
Barman-BDI,pfile05.hddl,lmc-VDM,17,1,16,182,1,0,144,38
Barman-BDI,pfile12.hddl,lmc,16,1,15,269,1,0,242,27
Barman-BDI,pfile12.hddl,lmc-BD,16,1,15,270,1,0,242,28
Barman-BDI,pfile12.hddl,lmc-GZD,16,1,15,283,1,0,252,31
Barman-BDI,pfile12.hddl,lmc-BDpGZD,16,1,15,283,1,0,252,31
Barman-BDI,pfile12.hddl,lmc-VDM,16,1,15,271,1,0,242,29
Barman-BDI,pfile19.hddl,lmc,124,1,123,7300,1,0,7091,209
Barman-BDI,pfile19.hddl,lmc-BD,125,1,124,7341,1,0,7129,212
Barman-BDI,pfile19.hddl,lmc-GZD,125,1,124,7377,1,0,7170,207
Barman-BDI,pfile19.hddl,lmc-BDpGZD,125,1,124,7377,1,0,7170,207
Barman-BDI,pfile19.hddl,lmc-VDM,125,1,124,7341,1,0,7129,212
Barman-BDI,pfile10.hddl,lmc,13,1,12,251,1,0,227,24
Barman-BDI,pfile10.hddl,lmc-BD,14,1,13,249,1,0,222,27
Barman-BDI,pfile10.hddl,lmc-GZD,12,1,11,261,1,0,228,33
Barman-BDI,pfile10.hddl,lmc-BDpGZD,12,1,11,261,1,0,228,33
Barman-BDI,pfile10.hddl,lmc-VDM,14,1,13,249,1,0,222,27
Barman-BDI,pfile13.hddl,lmc,27,1,26,649,1,0,599,50
Barman-BDI,pfile13.hddl,lmc-BD,28,1,27,648,1,0,598,50
Barman-BDI,pfile13.hddl,lmc-GZD,27,1,26,661,1,0,609,52
Barman-BDI,pfile13.hddl,lmc-BDpGZD,35,1,34,684,1,0,598,86
Barman-BDI,pfile13.hddl,lmc-VDM,28,1,27,647,1,0,598,49
Barman-BDI,pfile15.hddl,lmc,34,1,33,688,1,0,629,59
Barman-BDI,pfile15.hddl,lmc-BD,35,1,34,691,1,0,630,61
Barman-BDI,pfile15.hddl,lmc-GZD,26,1,25,683,1,0,632,51
Barman-BDI,pfile15.hddl,lmc-BDpGZD,26,1,25,683,1,0,632,51
Barman-BDI,pfile15.hddl,lmc-VDM,35,1,34,691,1,0,630,61
Barman-BDI,pfile03.hddl,lmc,13,1,12,143,1,0,117,26
Barman-BDI,pfile03.hddl,lmc-BD,16,1,15,153,1,0,118,35
Barman-BDI,pfile03.hddl,lmc-GZD,17,1,16,148,1,0,120,28
Barman-BDI,pfile03.hddl,lmc-BDpGZD,20,1,19,159,1,0,118,41
Barman-BDI,pfile03.hddl,lmc-VDM,16,1,15,161,1,0,118,43
Barman-BDI,pfile16.hddl,lmc,46,1,45,646,1,0,567,79
Barman-BDI,pfile16.hddl,lmc-BD,47,1,46,649,1,0,568,81
Barman-BDI,pfile16.hddl,lmc-GZD,34,1,33,664,1,0,596,68
Barman-BDI,pfile16.hddl,lmc-BDpGZD,34,1,33,664,1,0,596,68
Barman-BDI,pfile16.hddl,lmc-VDM,47,1,46,649,1,0,568,81
Barman-BDI,pfile06.hddl,lmc,13,1,12,152,1,0,127,25
Barman-BDI,pfile06.hddl,lmc-BD,14,1,13,157,1,0,129,28
Barman-BDI,pfile06.hddl,lmc-GZD,14,1,13,169,1,0,141,28
Barman-BDI,pfile06.hddl,lmc-BDpGZD,14,1,13,172,1,0,144,28
Barman-BDI,pfile06.hddl,lmc-VDM,14,1,13,157,1,0,129,28
Barman-BDI,pfile02.hddl,lmc,12,1,11,93,1,0,70,23
Barman-BDI,pfile02.hddl,lmc-BD,13,1,12,93,1,0,70,23
Barman-BDI,pfile02.hddl,lmc-GZD,13,1,12,98,1,0,72,26
Barman-BDI,pfile02.hddl,lmc-BDpGZD,15,1,14,102,1,0,70,32
Barman-BDI,pfile02.hddl,lmc-VDM,13,1,12,98,1,0,70,28
Barman-BDI,pfile14.hddl,lmc,19,1,18,502,1,0,472,30
Barman-BDI,pfile14.hddl,lmc-BD,20,1,19,504,1,0,472,32
Barman-BDI,pfile14.hddl,lmc-GZD,16,1,15,531,1,0,482,49
Barman-BDI,pfile14.hddl,lmc-BDpGZD,16,1,15,531,1,0,482,49
Barman-BDI,pfile14.hddl,lmc-VDM,20,1,19,507,1,0,472,35
Barman-BDI,pfile04.hddl,lmc,10,1,9,129,1,0,109,20
Barman-BDI,pfile04.hddl,lmc-BD,11,1,10,135,1,0,110,25
Barman-BDI,pfile04.hddl,lmc-GZD,11,1,10,132,1,0,111,21
Barman-BDI,pfile04.hddl,lmc-BDpGZD,13,1,12,135,1,0,110,25
Barman-BDI,pfile04.hddl,lmc-VDM,11,1,10,136,1,0,110,26
Barman-BDI,pfile07.hddl,lmc,12,1,11,182,1,0,165,17
Barman-BDI,pfile07.hddl,lmc-BD,13,1,12,185,1,0,166,19
Barman-BDI,pfile07.hddl,lmc-GZD,14,1,13,185,1,0,167,18
Barman-BDI,pfile07.hddl,lmc-BDpGZD,17,1,16,202,1,0,166,36
Barman-BDI,pfile07.hddl,lmc-VDM,13,1,12,199,1,0,166,33
Barman-BDI,pfile20.hddl,lmc,155,1,154,10472,1,0,10212,260
Barman-BDI,pfile20.hddl,lmc-BD,155,1,154,10470,1,0,10212,258
Barman-BDI,pfile20.hddl,lmc-GZD,155,1,154,10570,1,0,10310,260
Barman-BDI,pfile20.hddl,lmc-BDpGZD,155,1,154,10570,1,0,10310,260
Barman-BDI,pfile20.hddl,lmc-VDM,155,1,154,10470,1,0,10212,258
Barman-BDI,pfile09.hddl,lmc,14,1,13,225,1,0,198,27
Barman-BDI,pfile09.hddl,lmc-BD,14,1,13,222,1,0,198,24
Barman-BDI,pfile09.hddl,lmc-GZD,14,1,13,243,1,0,206,37
Barman-BDI,pfile09.hddl,lmc-BDpGZD,14,1,13,243,1,0,206,37
Barman-BDI,pfile09.hddl,lmc-VDM,14,1,13,228,1,0,200,28
Barman-BDI,pfile08.hddl,lmc,14,1,13,274,1,0,241,33
Barman-BDI,pfile08.hddl,lmc-BD,20,1,19,285,1,0,242,43
Barman-BDI,pfile08.hddl,lmc-GZD,13,1,12,279,1,0,244,35
Barman-BDI,pfile08.hddl,lmc-BDpGZD,18,1,17,285,1,0,242,43
Barman-BDI,pfile08.hddl,lmc-VDM,20,1,19,308,1,0,242,66
Barman-BDI,pfile17.hddl,lmc,54,1,53,3528,1,0,3431,97
Barman-BDI,pfile17.hddl,lmc-BD,56,1,55,3554,1,0,3432,122
Barman-BDI,pfile17.hddl,lmc-GZD,46,1,45,2464,1,0,2372,92
Barman-BDI,pfile17.hddl,lmc-BDpGZD,46,1,45,2464,1,0,2372,92
Barman-BDI,pfile17.hddl,lmc-VDM,56,1,55,3558,1,0,3432,126
Barman-BDI,pfile01.hddl,lmc,10,1,9,49,1,0,34,15
Barman-BDI,pfile01.hddl,lmc-BD,10,1,9,55,1,0,34,21
Barman-BDI,pfile01.hddl,lmc-GZD,9,1,8,52,1,0,34,18
Barman-BDI,pfile01.hddl,lmc-BDpGZD,9,1,8,52,1,0,34,18
Barman-BDI,pfile01.hddl,lmc-VDM,10,1,9,60,1,0,34,26
Barman-BDI,pfile18.hddl,lmc,94,1,93,3907,1,0,3749,158
Barman-BDI,pfile18.hddl,lmc-BD,95,1,94,3910,1,0,3750,160
Barman-BDI,pfile18.hddl,lmc-GZD,66,1,65,3957,1,0,3752,205
Barman-BDI,pfile18.hddl,lmc-BDpGZD,66,1,65,3957,1,0,3752,205
Barman-BDI,pfile18.hddl,lmc-VDM,95,1,94,3910,1,0,3750,160
Blocksworld-GTOHP,p27.hddl,lmc,934,408,526,2526,1,407,1680,846
Blocksworld-GTOHP,p27.hddl,lmc-BD,940,410,530,2585,1,409,1739,846
Blocksworld-GTOHP,p27.hddl,lmc-GZD,934,409,525,2586,1,408,1740,846
Blocksworld-GTOHP,p27.hddl,lmc-BDpGZD,939,409,530,2605,1,408,1759,846
Blocksworld-GTOHP,p27.hddl,lmc-VDM,1186,420,766,2198,1,419,1352,846
Blocksworld-GTOHP,p12.hddl,lmc,65,24,41,138,1,23,92,46
Blocksworld-GTOHP,p12.hddl,lmc-BD,65,24,41,139,1,23,93,46
Blocksworld-GTOHP,p12.hddl,lmc-GZD,67,26,41,129,1,25,83,46
Blocksworld-GTOHP,p12.hddl,lmc-BDpGZD,67,26,41,131,1,25,86,45
Blocksworld-GTOHP,p12.hddl,lmc-VDM,69,26,43,120,1,25,75,45
Blocksworld-GTOHP,p13.hddl,lmc,69,33,36,125,1,32,78,47
Blocksworld-GTOHP,p13.hddl,lmc-BD,69,33,36,121,1,32,75,46
Blocksworld-GTOHP,p13.hddl,lmc-GZD,70,32,38,128,1,31,82,46
Blocksworld-GTOHP,p13.hddl,lmc-BDpGZD,70,32,38,128,1,31,82,46
Blocksworld-GTOHP,p13.hddl,lmc-VDM,73,32,41,120,1,31,74,46
Blocksworld-GTOHP,p06.hddl,lmc,39,17,22,67,1,16,39,28
Blocksworld-GTOHP,p06.hddl,lmc-BD,38,17,21,69,1,16,41,28
Blocksworld-GTOHP,p06.hddl,lmc-GZD,39,17,22,67,1,16,39,28
Blocksworld-GTOHP,p06.hddl,lmc-BDpGZD,38,17,21,69,1,16,41,28
Blocksworld-GTOHP,p06.hddl,lmc-VDM,41,19,22,65,1,18,38,27
Blocksworld-GTOHP,p04.hddl,lmc,26,10,16,54,1,9,33,21
Blocksworld-GTOHP,p04.hddl,lmc-BD,26,10,16,54,1,9,33,21
Blocksworld-GTOHP,p04.hddl,lmc-GZD,26,10,16,50,1,9,30,20
Blocksworld-GTOHP,p04.hddl,lmc-BDpGZD,26,10,16,53,1,9,32,21
Blocksworld-GTOHP,p04.hddl,lmc-VDM,28,12,16,50,1,11,30,20
Blocksworld-GTOHP,p20.hddl,lmc,107,43,64,206,1,42,128,78
Blocksworld-GTOHP,p20.hddl,lmc-BD,108,44,64,202,1,43,124,78
Blocksworld-GTOHP,p20.hddl,lmc-GZD,107,43,64,206,1,42,128,78
Blocksworld-GTOHP,p20.hddl,lmc-BDpGZD,108,44,64,202,1,43,124,78
Blocksworld-GTOHP,p20.hddl,lmc-VDM,114,46,68,190,1,45,113,77
Blocksworld-GTOHP,p01.hddl,lmc,13,6,7,23,1,5,14,9
Blocksworld-GTOHP,p01.hddl,lmc-BD,13,6,7,23,1,5,14,9
Blocksworld-GTOHP,p01.hddl,lmc-GZD,13,5,8,24,1,4,13,11
Blocksworld-GTOHP,p01.hddl,lmc-BDpGZD,13,5,8,24,1,4,13,11
Blocksworld-GTOHP,p01.hddl,lmc-VDM,13,6,7,22,1,5,13,9
Blocksworld-GTOHP,p23.hddl,lmc,255,98,157,625,1,97,397,228
Blocksworld-GTOHP,p23.hddl,lmc-BD,254,97,157,641,1,96,413,228
Blocksworld-GTOHP,p23.hddl,lmc-GZD,255,98,157,625,1,97,397,228
Blocksworld-GTOHP,p23.hddl,lmc-BDpGZD,256,98,158,641,1,97,413,228
Blocksworld-GTOHP,p23.hddl,lmc-VDM,300,102,198,533,1,101,305,228
Blocksworld-GTOHP,p16.hddl,lmc,87,34,53,164,1,33,102,62
Blocksworld-GTOHP,p16.hddl,lmc-BD,86,33,53,170,1,32,108,62
Blocksworld-GTOHP,p16.hddl,lmc-GZD,87,34,53,164,1,33,102,62
Blocksworld-GTOHP,p16.hddl,lmc-BDpGZD,86,33,53,170,1,32,108,62
Blocksworld-GTOHP,p16.hddl,lmc-VDM,90,34,56,154,1,33,92,62
Blocksworld-GTOHP,p14.hddl,lmc,70,27,43,150,1,26,100,50
Blocksworld-GTOHP,p14.hddl,lmc-BD,70,27,43,153,1,26,103,50
Blocksworld-GTOHP,p14.hddl,lmc-GZD,70,27,43,149,1,26,99,50
Blocksworld-GTOHP,p14.hddl,lmc-BDpGZD,71,27,44,148,1,26,98,50
Blocksworld-GTOHP,p14.hddl,lmc-VDM,75,31,44,143,1,30,94,49
Blocksworld-GTOHP,p17.hddl,lmc,97,39,58,186,1,38,116,70
Blocksworld-GTOHP,p17.hddl,lmc-BD,97,39,58,189,1,38,120,69
Blocksworld-GTOHP,p17.hddl,lmc-GZD,97,39,58,186,1,38,116,70
Blocksworld-GTOHP,p17.hddl,lmc-BDpGZD,98,39,59,188,1,38,118,70
Blocksworld-GTOHP,p17.hddl,lmc-VDM,103,38,65,173,1,37,103,70
Blocksworld-GTOHP,p26.hddl,lmc,710,303,407,1965,1,302,1328,637
Blocksworld-GTOHP,p26.hddl,lmc-BD,707,302,405,1930,1,301,1295,635
Blocksworld-GTOHP,p26.hddl,lmc-GZD,711,305,406,1918,1,304,1283,635
Blocksworld-GTOHP,p26.hddl,lmc-BDpGZD,709,306,403,1958,1,305,1321,637
Blocksworld-GTOHP,p26.hddl,lmc-VDM,877,314,563,1809,1,313,1174,635
Blocksworld-GTOHP,p18.hddl,lmc,102,43,59,198,1,42,124,74
Blocksworld-GTOHP,p18.hddl,lmc-BD,102,43,59,199,1,42,125,74
Blocksworld-GTOHP,p18.hddl,lmc-GZD,102,43,59,198,1,42,124,74
Blocksworld-GTOHP,p18.hddl,lmc-BDpGZD,102,43,59,199,1,42,125,74
Blocksworld-GTOHP,p18.hddl,lmc-VDM,104,44,60,183,1,43,110,73
Blocksworld-GTOHP,p00.hddl,lmc,6,4,2,8,1,3,4,4
Blocksworld-GTOHP,p00.hddl,lmc-BD,6,4,2,8,1,3,4,4
Blocksworld-GTOHP,p00.hddl,lmc-GZD,6,4,2,8,1,3,4,4
Blocksworld-GTOHP,p00.hddl,lmc-BDpGZD,6,4,2,8,1,3,4,4
Blocksworld-GTOHP,p00.hddl,lmc-VDM,6,4,2,8,1,3,4,4
Blocksworld-GTOHP,p29.hddl,lmc,1792,797,995,5250,1,796,3561,1689
Blocksworld-GTOHP,p29.hddl,lmc-BD,1797,798,999,5219,1,797,3530,1689
Blocksworld-GTOHP,p29.hddl,lmc-GZD,1792,797,995,5250,1,796,3561,1689
Blocksworld-GTOHP,p29.hddl,lmc-BDpGZD,1793,799,994,5222,1,798,3533,1689
Blocksworld-GTOHP,p29.hddl,lmc-VDM,2308,826,1482,5218,1,825,3529,1689
Blocksworld-GTOHP,p22.hddl,lmc,200,81,119,418,1,80,249,169
Blocksworld-GTOHP,p22.hddl,lmc-BD,196,79,117,418,1,78,249,169
Blocksworld-GTOHP,p22.hddl,lmc-GZD,200,82,118,416,1,81,247,169
Blocksworld-GTOHP,p22.hddl,lmc-BDpGZD,197,81,116,408,1,80,239,169
Blocksworld-GTOHP,p22.hddl,lmc-VDM,216,80,136,388,1,79,219,169
Blocksworld-GTOHP,p21.hddl,lmc,128,51,77,312,1,50,197,115
Blocksworld-GTOHP,p21.hddl,lmc-BD,126,49,77,317,1,48,202,115
Blocksworld-GTOHP,p21.hddl,lmc-GZD,128,51,77,312,1,50,197,115
Blocksworld-GTOHP,p21.hddl,lmc-BDpGZD,126,49,77,317,1,48,202,115
Blocksworld-GTOHP,p21.hddl,lmc-VDM,148,52,96,298,1,51,184,114
Blocksworld-GTOHP,p30.hddl,lmc,2216,991,1225,6618,1,990,4502,2116
Blocksworld-GTOHP,p30.hddl,lmc-BD,2218,990,1228,6542,1,989,4426,2116
Blocksworld-GTOHP,p30.hddl,lmc-GZD,2216,992,1224,6621,1,991,4505,2116
Blocksworld-GTOHP,p30.hddl,lmc-BDpGZD,2217,992,1225,6616,1,991,4500,2116
Blocksworld-GTOHP,p30.hddl,lmc-VDM,2884,1039,1845,6413,1,1038,4297,2116
Blocksworld-GTOHP,p19.hddl,lmc,106,48,58,195,1,47,120,75
Blocksworld-GTOHP,p19.hddl,lmc-BD,105,46,59,199,1,45,122,77
Blocksworld-GTOHP,p19.hddl,lmc-GZD,106,48,58,195,1,47,120,75
Blocksworld-GTOHP,p19.hddl,lmc-BDpGZD,105,46,59,199,1,45,122,77
Blocksworld-GTOHP,p19.hddl,lmc-VDM,113,46,67,195,1,45,120,75
Blocksworld-GTOHP,p08.hddl,lmc,51,22,29,107,1,21,69,38
Blocksworld-GTOHP,p08.hddl,lmc-BD,50,22,28,107,1,21,69,38
Blocksworld-GTOHP,p08.hddl,lmc-GZD,51,23,28,105,1,22,68,37
Blocksworld-GTOHP,p08.hddl,lmc-BDpGZD,52,22,30,105,1,21,67,38
Blocksworld-GTOHP,p08.hddl,lmc-VDM,54,21,33,91,1,20,54,37
Blocksworld-GTOHP,p11.hddl,lmc,66,26,40,137,1,25,91,46
Blocksworld-GTOHP,p11.hddl,lmc-BD,65,26,39,135,1,25,89,46
Blocksworld-GTOHP,p11.hddl,lmc-GZD,66,26,40,135,1,25,89,46
Blocksworld-GTOHP,p11.hddl,lmc-BDpGZD,66,27,39,134,1,26,89,45
Blocksworld-GTOHP,p11.hddl,lmc-VDM,69,27,42,125,1,26,80,45
Blocksworld-GTOHP,p03.hddl,lmc,20,9,11,35,1,8,20,15
Blocksworld-GTOHP,p03.hddl,lmc-BD,20,9,11,35,1,8,20,15
Blocksworld-GTOHP,p03.hddl,lmc-GZD,20,9,11,35,1,8,20,15
Blocksworld-GTOHP,p03.hddl,lmc-BDpGZD,20,9,11,35,1,8,20,15
Blocksworld-GTOHP,p03.hddl,lmc-VDM,20,11,9,30,1,10,17,13
Blocksworld-GTOHP,p24.hddl,lmc,372,151,221,967,1,150,624,343
Blocksworld-GTOHP,p24.hddl,lmc-BD,370,149,221,948,1,148,606,342
Blocksworld-GTOHP,p24.hddl,lmc-GZD,372,151,221,967,1,150,624,343
Blocksworld-GTOHP,p24.hddl,lmc-BDpGZD,370,149,221,934,1,148,592,342
Blocksworld-GTOHP,p24.hddl,lmc-VDM,439,155,284,861,1,154,519,342
Blocksworld-GTOHP,p02.hddl,lmc,21,10,11,34,1,9,18,16
Blocksworld-GTOHP,p02.hddl,lmc-BD,21,9,12,35,1,8,18,17
Blocksworld-GTOHP,p02.hddl,lmc-GZD,21,10,11,34,1,9,18,16
Blocksworld-GTOHP,p02.hddl,lmc-BDpGZD,21,9,12,35,1,8,18,17
Blocksworld-GTOHP,p02.hddl,lmc-VDM,21,10,11,33,1,9,17,16
Blocksworld-GTOHP,p28.hddl,lmc,1356,597,759,3930,1,596,2661,1269
Blocksworld-GTOHP,p28.hddl,lmc-BD,1362,601,761,3923,1,600,2654,1269
Blocksworld-GTOHP,p28.hddl,lmc-GZD,1356,597,759,3930,1,596,2661,1269
Blocksworld-GTOHP,p28.hddl,lmc-BDpGZD,1362,601,761,3923,1,600,2654,1269
Blocksworld-GTOHP,p28.hddl,lmc-VDM,1749,622,1127,3517,1,621,2248,1269
Blocksworld-GTOHP,p07.hddl,lmc,33,12,21,66,1,11,36,30
Blocksworld-GTOHP,p07.hddl,lmc-BD,33,13,20,65,1,12,35,30
Blocksworld-GTOHP,p07.hddl,lmc-GZD,33,12,21,66,1,11,36,30
Blocksworld-GTOHP,p07.hddl,lmc-BDpGZD,33,13,20,65,1,12,35,30
Blocksworld-GTOHP,p07.hddl,lmc-VDM,37,14,23,61,1,13,32,29
Blocksworld-GTOHP,p25.hddl,lmc,472,203,269,1229,1,202,799,430
Blocksworld-GTOHP,p25.hddl,lmc-BD,473,204,269,1249,1,203,819,430
Blocksworld-GTOHP,p25.hddl,lmc-GZD,471,203,268,1254,1,202,824,430
Blocksworld-GTOHP,p25.hddl,lmc-BDpGZD,474,204,270,1258,1,203,828,430
Blocksworld-GTOHP,p25.hddl,lmc-VDM,584,212,372,1112,1,211,682,430
Blocksworld-GTOHP,p05.hddl,lmc,38,18,20,61,1,17,31,30
Blocksworld-GTOHP,p05.hddl,lmc-BD,38,18,20,61,1,17,31,30
Blocksworld-GTOHP,p05.hddl,lmc-GZD,38,18,20,61,1,17,31,30
Blocksworld-GTOHP,p05.hddl,lmc-BDpGZD,38,18,20,61,1,17,31,30
Blocksworld-GTOHP,p05.hddl,lmc-VDM,39,18,21,62,1,17,32,30
Blocksworld-GTOHP,p09.hddl,lmc,49,22,27,89,1,21,54,35
Blocksworld-GTOHP,p09.hddl,lmc-BD,51,23,28,88,1,22,53,35
Blocksworld-GTOHP,p09.hddl,lmc-GZD,49,22,27,89,1,21,54,35
Blocksworld-GTOHP,p09.hddl,lmc-BDpGZD,51,23,28,88,1,22,53,35
Blocksworld-GTOHP,p09.hddl,lmc-VDM,51,21,30,84,1,20,50,34
Blocksworld-GTOHP,p15.hddl,lmc,76,32,44,164,1,31,106,58
Blocksworld-GTOHP,p15.hddl,lmc-BD,75,32,43,157,1,31,99,58
Blocksworld-GTOHP,p15.hddl,lmc-GZD,76,32,44,164,1,31,106,58
Blocksworld-GTOHP,p15.hddl,lmc-BDpGZD,75,32,43,157,1,31,99,58
Blocksworld-GTOHP,p15.hddl,lmc-VDM,85,36,49,139,1,35,81,58
Blocksworld-GTOHP,p10.hddl,lmc,62,24,38,129,1,23,85,44
Blocksworld-GTOHP,p10.hddl,lmc-BD,62,24,38,129,1,23,85,44
Blocksworld-GTOHP,p10.hddl,lmc-GZD,63,25,38,122,1,24,78,44
Blocksworld-GTOHP,p10.hddl,lmc-BDpGZD,63,25,38,122,1,24,78,44
Blocksworld-GTOHP,p10.hddl,lmc-VDM,65,22,43,127,1,21,83,44
Blocksworld-HPDDL,pfile_045.hddl,lmc,81,54,27,566,1,53,227,339
Blocksworld-HPDDL,pfile_045.hddl,lmc-BD,78,52,26,566,1,51,228,338
Blocksworld-HPDDL,pfile_045.hddl,lmc-GZD,82,56,26,379,1,55,217,162
Blocksworld-HPDDL,pfile_045.hddl,lmc-BDpGZD,86,59,27,502,1,58,219,283
Blocksworld-HPDDL,pfile_045.hddl,lmc-VDM,109,81,28,475,1,80,184,291
Blocksworld-HPDDL,pfile_090.hddl,lmc,152,106,46,1181,1,105,482,699
Blocksworld-HPDDL,pfile_090.hddl,lmc-BD,154,108,46,1181,1,107,482,699
Blocksworld-HPDDL,pfile_090.hddl,lmc-GZD,159,114,45,832,1,113,479,353
Blocksworld-HPDDL,pfile_090.hddl,lmc-BDpGZD,157,110,47,822,1,109,469,353
Blocksworld-HPDDL,pfile_090.hddl,lmc-VDM,243,183,60,961,1,182,357,604
Blocksworld-HPDDL,pfile_075.hddl,lmc,120,90,30,973,1,89,393,580
Blocksworld-HPDDL,pfile_075.hddl,lmc-BD,122,90,32,976,1,89,396,580
Blocksworld-HPDDL,pfile_075.hddl,lmc-GZD,123,94,29,689,1,93,392,297
Blocksworld-HPDDL,pfile_075.hddl,lmc-BDpGZD,124,93,31,837,1,92,386,451
Blocksworld-HPDDL,pfile_075.hddl,lmc-VDM,173,128,45,776,1,127,274,502
Blocksworld-HPDDL,pfile_060.hddl,lmc,104,77,27,744,1,76,295,449
Blocksworld-HPDDL,pfile_060.hddl,lmc-BD,104,76,28,746,1,75,297,449
Blocksworld-HPDDL,pfile_060.hddl,lmc-GZD,106,80,26,524,1,79,286,238
Blocksworld-HPDDL,pfile_060.hddl,lmc-BDpGZD,113,79,34,509,1,78,281,228
Blocksworld-HPDDL,pfile_060.hddl,lmc-VDM,128,93,35,618,1,92,220,398
Blocksworld-HPDDL,pfile_050.hddl,lmc,95,63,32,641,1,62,257,384
Blocksworld-HPDDL,pfile_050.hddl,lmc-BD,93,64,29,642,1,63,258,384
Blocksworld-HPDDL,pfile_050.hddl,lmc-GZD,98,67,31,443,1,66,241,202
Blocksworld-HPDDL,pfile_050.hddl,lmc-BDpGZD,90,61,29,562,1,60,252,310
Blocksworld-HPDDL,pfile_050.hddl,lmc-VDM,120,83,37,525,1,82,187,338
Blocksworld-HPDDL,pfile_025.hddl,lmc,54,35,19,297,1,34,107,190
Blocksworld-HPDDL,pfile_025.hddl,lmc-BD,54,35,19,297,1,34,107,190
Blocksworld-HPDDL,pfile_025.hddl,lmc-GZD,55,37,18,203,1,36,104,99
Blocksworld-HPDDL,pfile_025.hddl,lmc-BDpGZD,56,35,21,206,1,34,108,98
Blocksworld-HPDDL,pfile_025.hddl,lmc-VDM,49,34,15,165,1,33,87,78
Blocksworld-HPDDL,pfile_030.hddl,lmc,62,41,21,355,1,40,135,220
Blocksworld-HPDDL,pfile_030.hddl,lmc-BD,62,42,20,308,1,41,131,177
Blocksworld-HPDDL,pfile_030.hddl,lmc-GZD,60,39,21,318,1,38,135,183
Blocksworld-HPDDL,pfile_030.hddl,lmc-BDpGZD,60,39,21,321,1,38,137,184
Blocksworld-HPDDL,pfile_030.hddl,lmc-VDM,72,49,23,309,1,48,112,197
Blocksworld-HPDDL,pfile_400.hddl,lmc,540,442,98,5472,1,441,2345,3127
Blocksworld-HPDDL,pfile_400.hddl,lmc-BD,561,462,99,5098,1,461,2302,2796
Blocksworld-HPDDL,pfile_400.hddl,lmc-GZD,545,450,95,4910,1,449,2283,2627
Blocksworld-HPDDL,pfile_400.hddl,lmc-BDpGZD,553,458,95,3848,1,457,2284,1564
Blocksworld-HPDDL,pfile_400.hddl,lmc-VDM,945,697,248,4577,1,696,1873,2704
Blocksworld-HPDDL,pfile_035.hddl,lmc,67,41,26,440,1,40,179,261
Blocksworld-HPDDL,pfile_035.hddl,lmc-BD,67,43,24,445,1,42,179,266
Blocksworld-HPDDL,pfile_035.hddl,lmc-GZD,67,41,26,405,1,40,179,226
Blocksworld-HPDDL,pfile_035.hddl,lmc-BDpGZD,69,44,25,317,1,43,177,140
Blocksworld-HPDDL,pfile_035.hddl,lmc-VDM,93,69,24,363,1,68,127,236
Blocksworld-HPDDL,pfile_080.hddl,lmc,135,93,42,986,1,92,407,579
Blocksworld-HPDDL,pfile_080.hddl,lmc-BD,137,95,42,1013,1,94,410,603
Blocksworld-HPDDL,pfile_080.hddl,lmc-GZD,149,109,40,711,1,108,408,303
Blocksworld-HPDDL,pfile_080.hddl,lmc-BDpGZD,140,98,42,913,1,97,415,498
Blocksworld-HPDDL,pfile_080.hddl,lmc-VDM,193,145,48,798,1,144,306,492
Blocksworld-HPDDL,pfile_095.hddl,lmc,173,119,54,1213,1,118,497,716
Blocksworld-HPDDL,pfile_095.hddl,lmc-BD,168,117,51,1251,1,116,508,743
Blocksworld-HPDDL,pfile_095.hddl,lmc-GZD,173,119,54,1127,1,118,501,626
Blocksworld-HPDDL,pfile_095.hddl,lmc-BDpGZD,173,123,50,873,1,122,497,376
Blocksworld-HPDDL,pfile_095.hddl,lmc-VDM,246,187,59,1009,1,186,367,642
Blocksworld-HPDDL,pfile_1000.hddl,lmc,1290,1098,192,13794,1,1097,5913,7881
Blocksworld-HPDDL,pfile_1000.hddl,lmc-BD,1283,1086,197,13381,1,1085,6009,7372
Blocksworld-HPDDL,pfile_1000.hddl,lmc-GZD,1290,1098,192,12795,1,1097,5914,6881
Blocksworld-HPDDL,pfile_1000.hddl,lmc-BDpGZD,1294,1088,206,9697,1,1087,5750,3947
Blocksworld-HPDDL,pfile_1000.hddl,lmc-VDM,1829,1218,611,7832,1,1217,4855,2977
Blocksworld-HPDDL,pfile_250.hddl,lmc,362,287,75,3317,1,286,1376,1941
Blocksworld-HPDDL,pfile_250.hddl,lmc-BD,357,287,70,3341,1,286,1400,1941
Blocksworld-HPDDL,pfile_250.hddl,lmc-GZD,364,291,73,2995,1,290,1366,1629
Blocksworld-HPDDL,pfile_250.hddl,lmc-BDpGZD,361,288,73,3028,1,287,1392,1636
Blocksworld-HPDDL,pfile_250.hddl,lmc-VDM,486,319,167,1969,1,318,994,975
Blocksworld-HPDDL,pfile_005.hddl,lmc,16,8,8,55,1,7,19,36
Blocksworld-HPDDL,pfile_005.hddl,lmc-BD,16,9,7,55,1,8,16,39
Blocksworld-HPDDL,pfile_005.hddl,lmc-GZD,16,8,8,49,1,7,18,31
Blocksworld-HPDDL,pfile_005.hddl,lmc-BDpGZD,16,8,8,50,1,7,18,32
Blocksworld-HPDDL,pfile_005.hddl,lmc-VDM,14,9,5,35,1,8,15,20
Blocksworld-HPDDL,pfile_070.hddl,lmc,106,78,28,879,1,77,350,529
Blocksworld-HPDDL,pfile_070.hddl,lmc-BD,114,84,30,890,1,83,361,529
Blocksworld-HPDDL,pfile_070.hddl,lmc-GZD,112,82,30,614,1,81,347,267
Blocksworld-HPDDL,pfile_070.hddl,lmc-BDpGZD,112,80,32,610,1,79,333,277
Blocksworld-HPDDL,pfile_070.hddl,lmc-VDM,132,89,43,565,1,88,275,290
Blocksworld-HPDDL,pfile_040.hddl,lmc,65,43,22,497,1,42,193,304
Blocksworld-HPDDL,pfile_040.hddl,lmc-BD,67,44,23,496,1,43,192,304
Blocksworld-HPDDL,pfile_040.hddl,lmc-GZD,67,46,21,352,1,45,193,159
Blocksworld-HPDDL,pfile_040.hddl,lmc-BDpGZD,68,45,23,458,1,44,194,264
Blocksworld-HPDDL,pfile_040.hddl,lmc-VDM,87,60,27,409,1,59,141,268
Blocksworld-HPDDL,pfile_300.hddl,lmc,433,335,98,4038,1,334,1694,2344
Blocksworld-HPDDL,pfile_300.hddl,lmc-BD,430,332,98,4074,1,331,1730,2344
Blocksworld-HPDDL,pfile_300.hddl,lmc-GZD,433,335,98,3736,1,334,1692,2044
Blocksworld-HPDDL,pfile_300.hddl,lmc-BDpGZD,437,339,98,3779,1,338,1735,2044
Blocksworld-HPDDL,pfile_300.hddl,lmc-VDM,593,396,197,3141,1,395,1330,1811
Blocksworld-HPDDL,pfile_500.hddl,lmc,694,564,130,6680,1,563,2892,3788
Blocksworld-HPDDL,pfile_500.hddl,lmc-BD,706,572,134,6819,1,571,2907,3912
Blocksworld-HPDDL,pfile_500.hddl,lmc-GZD,701,571,130,6183,1,570,2895,3288
Blocksworld-HPDDL,pfile_500.hddl,lmc-BDpGZD,720,582,138,4731,1,581,2773,1958
Blocksworld-HPDDL,pfile_500.hddl,lmc-VDM,1221,875,346,5590,1,874,2155,3435
Blocksworld-HPDDL,pfile_200.hddl,lmc,293,231,62,2633,1,230,1091,1542
Blocksworld-HPDDL,pfile_200.hddl,lmc-BD,303,236,67,2633,1,235,1092,1541
Blocksworld-HPDDL,pfile_200.hddl,lmc-GZD,296,235,61,1841,1,234,1066,775
Blocksworld-HPDDL,pfile_200.hddl,lmc-BDpGZD,313,243,70,1848,1,242,1073,775
Blocksworld-HPDDL,pfile_200.hddl,lmc-VDM,401,270,131,2177,1,269,820,1357
Blocksworld-HPDDL,pfile_020.hddl,lmc,42,26,16,233,1,25,88,145
Blocksworld-HPDDL,pfile_020.hddl,lmc-BD,41,25,16,232,1,24,87,145
Blocksworld-HPDDL,pfile_020.hddl,lmc-GZD,44,28,16,167,1,27,85,82
Blocksworld-HPDDL,pfile_020.hddl,lmc-BDpGZD,41,25,16,216,1,24,87,129
Blocksworld-HPDDL,pfile_020.hddl,lmc-VDM,44,26,18,197,1,25,75,122
Blocksworld-HPDDL,pfile_700.hddl,lmc,913,772,141,9606,1,771,4111,5495
Blocksworld-HPDDL,pfile_700.hddl,lmc-BD,905,764,141,9398,1,763,4082,5316
Blocksworld-HPDDL,pfile_700.hddl,lmc-GZD,946,806,140,6808,1,805,4057,2751
Blocksworld-HPDDL,pfile_700.hddl,lmc-BDpGZD,969,823,146,6838,1,822,4087,2751
Blocksworld-HPDDL,pfile_700.hddl,lmc-VDM,1767,1305,462,7400,1,1304,3144,4256
Blocksworld-HPDDL,pfile_065.hddl,lmc,120,79,41,756,1,78,312,444
Blocksworld-HPDDL,pfile_065.hddl,lmc-BD,120,79,41,821,1,78,330,491
Blocksworld-HPDDL,pfile_065.hddl,lmc-GZD,127,84,43,727,1,83,312,415
Blocksworld-HPDDL,pfile_065.hddl,lmc-BDpGZD,134,90,44,560,1,89,321,239
Blocksworld-HPDDL,pfile_065.hddl,lmc-VDM,169,126,43,682,1,125,257,425
Blocksworld-HPDDL,pfile_015.hddl,lmc,34,22,12,175,1,21,66,109
Blocksworld-HPDDL,pfile_015.hddl,lmc-BD,34,22,12,175,1,21,66,109
Blocksworld-HPDDL,pfile_015.hddl,lmc-GZD,34,22,12,160,1,21,66,94
Blocksworld-HPDDL,pfile_015.hddl,lmc-BDpGZD,34,22,12,160,1,21,66,94
Blocksworld-HPDDL,pfile_015.hddl,lmc-VDM,39,27,12,148,1,26,52,96
Blocksworld-HPDDL,pfile_055.hddl,lmc,100,68,32,626,1,67,253,373
Blocksworld-HPDDL,pfile_055.hddl,lmc-BD,103,68,35,677,1,67,265,412
Blocksworld-HPDDL,pfile_055.hddl,lmc-GZD,103,71,32,576,1,70,258,318
Blocksworld-HPDDL,pfile_055.hddl,lmc-BDpGZD,101,70,31,471,1,69,260,211
Blocksworld-HPDDL,pfile_055.hddl,lmc-VDM,107,69,38,497,1,68,199,298
Blocksworld-HPDDL,pfile_010.hddl,lmc,24,12,12,105,1,11,39,66
Blocksworld-HPDDL,pfile_010.hddl,lmc-BD,24,12,12,105,1,11,39,66
Blocksworld-HPDDL,pfile_010.hddl,lmc-GZD,23,12,11,83,1,11,39,44
Blocksworld-HPDDL,pfile_010.hddl,lmc-BDpGZD,23,12,11,88,1,11,41,47
Blocksworld-HPDDL,pfile_010.hddl,lmc-VDM,24,13,11,99,1,12,36,63
Blocksworld-HPDDL,pfile_850.hddl,lmc,1123,914,209,11739,1,913,5044,6695
Blocksworld-HPDDL,pfile_850.hddl,lmc-BD,1134,927,207,11772,1,926,5077,6695
Blocksworld-HPDDL,pfile_850.hddl,lmc-GZD,1145,940,205,8293,1,939,4944,3349
Blocksworld-HPDDL,pfile_850.hddl,lmc-BDpGZD,1160,943,217,8284,1,942,4935,3349
Blocksworld-HPDDL,pfile_850.hddl,lmc-VDM,1571,1037,534,7554,1,1036,4175,3379
Blocksworld-HPDDL,pfile_085.hddl,lmc,138,102,36,1076,1,101,430,646
Blocksworld-HPDDL,pfile_085.hddl,lmc-BD,144,111,33,962,1,110,430,532
Blocksworld-HPDDL,pfile_085.hddl,lmc-GZD,141,107,34,755,1,106,426,329
Blocksworld-HPDDL,pfile_085.hddl,lmc-BDpGZD,143,107,36,777,1,106,418,359
Blocksworld-HPDDL,pfile_085.hddl,lmc-VDM,167,117,50,486,1,116,318,168
Blocksworld-HPDDL,pfile_150.hddl,lmc,239,181,58,1838,1,180,795,1043
Blocksworld-HPDDL,pfile_150.hddl,lmc-BD,237,178,59,2001,1,177,836,1165
Blocksworld-HPDDL,pfile_150.hddl,lmc-GZD,239,181,58,1778,1,180,806,972
Blocksworld-HPDDL,pfile_150.hddl,lmc-BDpGZD,246,184,62,1410,1,183,822,588
Blocksworld-HPDDL,pfile_150.hddl,lmc-VDM,300,208,92,1589,1,207,582,1007
Blocksworld-HPDDL,pfile_100.hddl,lmc,179,120,59,1303,1,119,527,776
Blocksworld-HPDDL,pfile_100.hddl,lmc-BD,184,123,61,1305,1,122,529,776
Blocksworld-HPDDL,pfile_100.hddl,lmc-GZD,176,118,58,1200,1,117,524,676
Blocksworld-HPDDL,pfile_100.hddl,lmc-BDpGZD,191,131,60,1175,1,130,493,682
Blocksworld-HPDDL,pfile_100.hddl,lmc-VDM,204,133,71,1038,1,132,376,662
Blocksworld-HPDDL,pfile_600.hddl,lmc,809,655,154,8032,1,654,3501,4531
Blocksworld-HPDDL,pfile_600.hddl,lmc-BD,814,659,155,8194,1,658,3498,4696
Blocksworld-HPDDL,pfile_600.hddl,lmc-GZD,837,687,150,5815,1,686,3462,2353
Blocksworld-HPDDL,pfile_600.hddl,lmc-BDpGZD,826,673,153,5773,1,672,3420,2353
Blocksworld-HPDDL,pfile_600.hddl,lmc-VDM,1135,762,373,5111,1,761,2759,2352
Depots,p27.hddl,lmc,440,20,420,8594,1,19,5443,3151
Depots,p27.hddl,lmc-BD,452,20,432,8469,1,19,5318,3151
Depots,p27.hddl,lmc-GZD,446,21,425,8563,1,20,5412,3151
Depots,p27.hddl,lmc-BDpGZD,448,22,426,8603,1,21,5454,3149
Depots,p27.hddl,lmc-VDM,469,25,444,8806,1,24,5607,3199
Depots,p12.hddl,lmc,51,11,40,229,1,10,137,92
Depots,p12.hddl,lmc-BD,50,11,39,232,1,10,134,98
Depots,p12.hddl,lmc-GZD,51,11,40,229,1,10,137,92
Depots,p12.hddl,lmc-BDpGZD,50,11,39,232,1,10,134,98
Depots,p12.hddl,lmc-VDM,55,14,41,239,1,13,131,108
Depots,p13.hddl,lmc,30,8,22,111,1,7,69,42
Depots,p13.hddl,lmc-BD,29,8,21,104,1,7,62,42
Depots,p13.hddl,lmc-GZD,30,8,22,111,1,7,69,42
Depots,p13.hddl,lmc-BDpGZD,29,8,21,104,1,7,62,42
Depots,p13.hddl,lmc-VDM,32,11,21,114,1,10,72,42
Depots,p06.hddl,lmc,47,8,39,230,1,7,124,106
Depots,p06.hddl,lmc-BD,47,8,39,227,1,7,121,106
Depots,p06.hddl,lmc-GZD,47,7,40,244,1,6,131,113
Depots,p06.hddl,lmc-BDpGZD,47,7,40,247,1,6,131,116
Depots,p06.hddl,lmc-VDM,45,9,36,246,1,8,116,130
Depots,p04.hddl,lmc,24,8,16,81,1,7,35,46
Depots,p04.hddl,lmc-BD,24,8,16,81,1,7,35,46
Depots,p04.hddl,lmc-GZD,24,8,16,81,1,7,35,46
Depots,p04.hddl,lmc-BDpGZD,24,8,16,81,1,7,35,46
Depots,p04.hddl,lmc-VDM,24,8,16,78,1,7,34,44
Depots,p20.hddl,lmc,64,12,52,471,1,11,291,180
Depots,p20.hddl,lmc-BD,65,16,49,556,1,15,346,210
Depots,p20.hddl,lmc-GZD,64,12,52,498,1,11,317,181
Depots,p20.hddl,lmc-BDpGZD,64,16,48,508,1,15,327,181
Depots,p20.hddl,lmc-VDM,69,16,53,534,1,15,339,195
Depots,p01.hddl,lmc,13,3,10,39,1,2,21,18
Depots,p01.hddl,lmc-BD,13,3,10,39,1,2,21,18
Depots,p01.hddl,lmc-GZD,13,3,10,39,1,2,21,18
Depots,p01.hddl,lmc-BDpGZD,13,3,10,39,1,2,21,18
Depots,p01.hddl,lmc-VDM,13,3,10,39,1,2,21,18
Depots,p23.hddl,lmc,154,23,131,1432,1,22,841,591
Depots,p23.hddl,lmc-BD,149,25,124,1504,1,24,831,673
Depots,p23.hddl,lmc-GZD,153,23,130,1387,1,22,796,591
Depots,p23.hddl,lmc-BDpGZD,148,25,123,1435,1,24,844,591
Depots,p23.hddl,lmc-VDM,172,31,141,1470,1,30,794,676
Depots,p16.hddl,lmc,28,3,25,206,1,2,142,64
Depots,p16.hddl,lmc-BD,29,4,25,213,1,3,148,65
Depots,p16.hddl,lmc-GZD,28,3,25,206,1,2,142,64
Depots,p16.hddl,lmc-BDpGZD,29,4,25,213,1,3,148,65
Depots,p16.hddl,lmc-VDM,29,4,25,235,1,3,145,90
Depots,p14.hddl,lmc,30,6,24,124,1,5,69,55
Depots,p14.hddl,lmc-BD,31,6,25,135,1,5,80,55
Depots,p14.hddl,lmc-GZD,31,7,24,126,1,6,76,50
Depots,p14.hddl,lmc-BDpGZD,31,6,25,135,1,5,80,55
Depots,p14.hddl,lmc-VDM,32,9,23,131,1,8,81,50
Depots,p17.hddl,lmc,26,2,24,254,1,1,155,99
Depots,p17.hddl,lmc-BD,27,2,25,269,1,1,175,94
Depots,p17.hddl,lmc-GZD,26,2,24,254,1,1,155,99
Depots,p17.hddl,lmc-BDpGZD,27,2,25,269,1,1,175,94
Depots,p17.hddl,lmc-VDM,27,2,25,261,1,1,180,81
Depots,p26.hddl,lmc,314,30,284,4453,1,29,2689,1764
Depots,p26.hddl,lmc-BD,313,29,284,4385,1,28,2711,1674
Depots,p26.hddl,lmc-GZD,311,29,282,4335,1,28,2662,1673
Depots,p26.hddl,lmc-BDpGZD,318,30,288,4380,1,29,2705,1675
Depots,p26.hddl,lmc-VDM,336,34,302,4282,1,33,2597,1685
Depots,p18.hddl,lmc,60,2,58,624,1,1,333,291
Depots,p18.hddl,lmc-BD,62,3,59,603,1,2,336,267
Depots,p18.hddl,lmc-GZD,60,2,58,624,1,1,333,291
Depots,p18.hddl,lmc-BDpGZD,61,3,58,603,1,2,336,267
Depots,p18.hddl,lmc-VDM,64,4,60,609,1,3,332,277
Depots,p29.hddl,lmc,807,24,783,23261,1,23,15214,8047
Depots,p29.hddl,lmc-BD,811,28,783,23654,1,27,15607,8047
Depots,p29.hddl,lmc-GZD,820,27,793,23728,1,26,15522,8206
Depots,p29.hddl,lmc-BDpGZD,819,28,791,23252,1,27,15205,8047
Depots,p29.hddl,lmc-VDM,916,36,880,23927,1,35,15530,8397
Depots,p22.hddl,lmc,88,19,69,659,1,18,415,244
Depots,p22.hddl,lmc-BD,88,19,69,734,1,18,405,329
Depots,p22.hddl,lmc-GZD,86,18,68,717,1,17,388,329
Depots,p22.hddl,lmc-BDpGZD,87,18,69,637,1,17,397,240
Depots,p22.hddl,lmc-VDM,90,19,71,704,1,18,443,261
Depots,p21.hddl,lmc,60,11,49,432,1,10,266,166
Depots,p21.hddl,lmc-BD,59,14,45,432,1,13,268,164
Depots,p21.hddl,lmc-GZD,59,13,46,416,1,12,250,166
Depots,p21.hddl,lmc-BDpGZD,59,14,45,433,1,13,267,166
Depots,p21.hddl,lmc-VDM,62,15,47,465,1,14,282,183
Depots,p30.hddl,lmc,,,,,,,,
